{"cameraMode":{"drawMode":0,"name":"Shaded","section":"Shading Mode"},"sceneLighting":true,"audioPlay":false,"sceneViewState":{"m_AlwaysRefresh":false,"showFog":true,"showSkybox":true,"showFlares":true,"showImageEffects":true,"showParticleSystems":true,"showVisualEffectGraphs":true,"m_FxEnabled":true},"in2DMode":false,"pivot":{"x":-0.49998709559440615,"y":-0.26511967182159426,"z":0.3327467441558838},"rotation":{"x":0.44706425070762637,"y":-0.37213242053985598,"z":0.21184030175209046,"w":0.7853650450706482},"size":1.504473328590393,"orthographic":false}